{"cameraMode":{"drawMode":0,"name":"Shaded","section":"Shading Mode"},"sceneLighting":true,"audioPlay":false,"sceneViewState":{"showFog":true,"showMaterialUpdate":false,"showSkybox":false,"showFlares":true,"showImageEffects":true,"showParticleSystems":true},"in2DMode":false,"pivot":{"x":-5.899138927459717,"y":2.9265313148498537,"z":0.011171340942382813},"rotation":{"x":0.12222462892532349,"y":0.6856307983398438,"z":-0.11839967221021652,"w":0.7077857255935669},"size":47.49612808227539,"orthographic":false}