{"cameraMode":{"drawMode":0,"name":"Shaded","section":"Shading Mode"},"sceneLighting":false,"audioPlay":false,"sceneViewState":{"showFog":true,"showMaterialUpdate":false,"showSkybox":false,"showFlares":true,"showImageEffects":true,"showParticleSystems":true},"in2DMode":false,"pivot":{"x":-31.65380859375,"y":38.24168395996094,"z":-48.923858642578128},"rotation":{"x":-0.1048499122262001,"y":-0.5748735070228577,"z":0.07454536855220795,"w":-0.8081333041191101},"size":25.068593978881837,"orthographic":false}