{"cameraMode":{"drawMode":0,"name":"Shaded","section":"Shading Mode"},"sceneLighting":false,"audioPlay":false,"sceneViewState":{"showFog":true,"showMaterialUpdate":false,"showSkybox":false,"showFlares":true,"showImageEffects":true,"showParticleSystems":true},"in2DMode":false,"pivot":{"x":-14.351850509643555,"y":12.838278770446778,"z":-16.52752685546875},"rotation":{"x":-0.1048499122262001,"y":-0.5748735070228577,"z":0.07454536855220795,"w":-0.8081333041191101},"size":25.068601608276368,"orthographic":false}