{"cameraMode":{"drawMode":0,"name":"Shaded","section":"Shading Mode"},"sceneLighting":true,"audioPlay":false,"sceneViewState":{"showFog":true,"showMaterialUpdate":false,"showSkybox":true,"showFlares":true,"showImageEffects":true,"showParticleSystems":true},"in2DMode":false,"pivot":{"x":-17.46707534790039,"y":6.489438056945801,"z":5.549533843994141},"rotation":{"x":0.09521380811929703,"y":0.6758458614349365,"z":-0.08870337903499603,"w":0.7254704236984253},"size":26.471172332763673,"orthographic":false}