{"cameraMode":{"drawMode":0,"name":"Shaded","section":"Shading Mode"},"sceneLighting":true,"audioPlay":false,"sceneViewState":{"showFog":true,"showMaterialUpdate":false,"showSkybox":false,"showFlares":true,"showImageEffects":true,"showParticleSystems":true},"in2DMode":false,"pivot":{"x":-5.899138927459717,"y":2.9265313148498537,"z":0.011171340942382813},"rotation":{"x":0.16417115926742555,"y":-0.03106718324124813,"z":0.005172378849238157,"w":0.985931932926178},"size":47.49612808227539,"orthographic":false}