{"cameraMode":{"drawMode":0,"name":"Shaded","section":"Shading Mode"},"sceneLighting":false,"audioPlay":false,"sceneViewState":{"showFog":true,"showMaterialUpdate":false,"showSkybox":false,"showFlares":true,"showImageEffects":true,"showParticleSystems":true,"showVisualEffectGraphs":true,"m_FxEnabled":false},"in2DMode":false,"pivot":{"x":-0.27341800928115847,"y":1.8768277168273926,"z":1.4745190143585206},"rotation":{"x":0.04610840603709221,"y":-0.659941554069519,"z":0.04063953459262848,"w":0.7488114237785339},"size":0.8660253882408142,"orthographic":false}