{"cameraMode":{"drawMode":0,"name":"Shaded","section":"Shading Mode"},"sceneLighting":false,"audioPlay":false,"sceneViewState":{"showFog":true,"showMaterialUpdate":false,"showSkybox":false,"showFlares":true,"showImageEffects":true,"showParticleSystems":true,"showVisualEffectGraphs":true,"m_FxEnabled":false},"in2DMode":false,"pivot":{"x":0.007407665252685547,"y":0.5957469940185547,"z":-0.25498801469802859},"rotation":{"x":0.14329662919044496,"y":0.5739248991012573,"z":-0.10284414887428284,"w":0.799695611000061},"size":9.343714714050293,"orthographic":false}