{"cameraMode":{"drawMode":0,"name":"Shaded","section":"Shading Mode"},"sceneLighting":false,"audioPlay":false,"sceneViewState":{"showFog":true,"showMaterialUpdate":false,"showSkybox":false,"showFlares":true,"showImageEffects":true,"showParticleSystems":true,"showVisualEffectGraphs":true,"m_FxEnabled":false},"in2DMode":false,"pivot":{"x":-1.7203762531280518,"y":-17.804338455200197,"z":0.08740101009607315},"rotation":{"x":0.0016022052150219679,"y":0.9965612292289734,"z":-0.08089904487133026,"w":0.01973004639148712},"size":0.8510271310806274,"orthographic":false}