{"cameraMode":{"drawMode":0,"name":"Shaded","section":"Shading Mode"},"sceneLighting":false,"audioPlay":false,"sceneViewState":{"showFog":true,"showMaterialUpdate":false,"showSkybox":false,"showFlares":true,"showImageEffects":true,"showParticleSystems":true,"showVisualEffectGraphs":true,"m_FxEnabled":false},"in2DMode":false,"pivot":{"x":-36.638282775878909,"y":30.116477966308595,"z":-19.229427337646486},"rotation":{"x":0.1704729050397873,"y":0.004431301727890968,"z":-0.0007630972540937364,"w":0.9853640198707581},"size":12.866949081420899,"orthographic":false}