{"cameraMode":{"drawMode":0,"name":"Shaded","section":"Shading Mode"},"sceneLighting":false,"audioPlay":false,"sceneViewState":{"showFog":true,"showMaterialUpdate":false,"showSkybox":false,"showFlares":true,"showImageEffects":true,"showParticleSystems":true,"showVisualEffectGraphs":true,"m_FxEnabled":false},"in2DMode":false,"pivot":{"x":-3.9754862785339357,"y":3.1987781524658205,"z":0.008042335510253907},"rotation":{"x":0.047375839203596118,"y":0.7132675647735596,"z":-0.048441898077726367,"w":0.6976122260093689},"size":15.899995803833008,"orthographic":false}