{"cameraMode":{"drawMode":0,"name":"Shaded","section":"Shading Mode"},"sceneLighting":false,"audioPlay":false,"sceneViewState":{"showFog":true,"showMaterialUpdate":false,"showSkybox":false,"showFlares":true,"showImageEffects":true,"showParticleSystems":true,"showVisualEffectGraphs":true,"m_FxEnabled":false},"in2DMode":false,"pivot":{"x":-3.9754862785339357,"y":3.1987781524658205,"z":0.008042335510253907},"rotation":{"x":0.0694693848490715,"y":0.6350914239883423,"z":-0.05751292407512665,"w":0.7671586871147156},"size":15.899995803833008,"orthographic":false}