{"cameraMode":{"drawMode":0,"name":"Shaded","section":"Shading Mode"},"sceneLighting":false,"audioPlay":false,"sceneViewState":{"showFog":true,"showMaterialUpdate":false,"showSkybox":false,"showFlares":true,"showImageEffects":true,"showParticleSystems":true,"showVisualEffectGraphs":true,"m_FxEnabled":false},"in2DMode":false,"pivot":{"x":-2.5121560096740724,"y":2.0714268684387209,"z":-1.6624400615692139},"rotation":{"x":0.16450972855091096,"y":0.17650948464870454,"z":-0.02993563748896122,"w":0.9699937105178833},"size":3.5660250186920168,"orthographic":false}