{"cameraMode":{"drawMode":0,"name":"Shaded","section":"Shading Mode"},"sceneLighting":true,"audioPlay":false,"sceneViewState":{"showFog":true,"showMaterialUpdate":false,"showSkybox":true,"showFlares":true,"showImageEffects":true,"showParticleSystems":true,"showVisualEffectGraphs":true,"m_FxEnabled":false},"in2DMode":false,"pivot":{"x":9.978565216064454,"y":19.27948760986328,"z":0.30667412281036379},"rotation":{"x":0.018856730312108995,"y":0.7157207727432251,"z":-0.019321145489811899,"w":0.6979044079780579},"size":42.313594818115237,"orthographic":false}