{"cameraMode":{"drawMode":0,"name":"Shaded","section":"Shading Mode"},"sceneLighting":true,"audioPlay":false,"sceneViewState":{"showFog":true,"showMaterialUpdate":false,"showSkybox":true,"showFlares":true,"showImageEffects":true,"showParticleSystems":true,"showVisualEffectGraphs":true,"m_FxEnabled":false},"in2DMode":false,"pivot":{"x":19.951826095581056,"y":57.969993591308597,"z":-56.05976104736328},"rotation":{"x":0.13899537920951844,"y":-0.028218746185302736,"z":0.00397555623203516,"w":0.9899117350578308},"size":135.9193572998047,"orthographic":false}