{"cameraMode":{"drawMode":0,"name":"Shaded","section":"Shading Mode"},"sceneLighting":true,"audioPlay":false,"sceneViewState":{"showFog":true,"showMaterialUpdate":false,"showSkybox":true,"showFlares":true,"showImageEffects":true,"showParticleSystems":true,"showVisualEffectGraphs":true,"m_FxEnabled":false},"in2DMode":false,"pivot":{"x":-2.5121560096740724,"y":2.0714268684387209,"z":-1.6624400615692139},"rotation":{"x":0.15389972925186158,"y":0.6798146963119507,"z":-0.14916476607322694,"w":0.7013781666755676},"size":2.4413251876831056,"orthographic":false}