{"cameraMode":{"drawMode":0,"name":"Shaded","section":"Shading Mode"},"sceneLighting":true,"audioPlay":false,"sceneViewState":{"showFog":true,"showMaterialUpdate":false,"showSkybox":false,"showFlares":true,"showImageEffects":true,"showParticleSystems":true,"showVisualEffectGraphs":true,"m_FxEnabled":false},"in2DMode":false,"pivot":{"x":-0.437105655670166,"y":1.8768277168273926,"z":1.4745190143585206},"rotation":{"x":0.056959010660648349,"y":-0.6648471355438232,"z":0.050956521183252338,"w":0.7430673241615295},"size":10.478422164916993,"orthographic":false}